"","iso3","country","year","pop_mln","gdp_blnUSDMER","gdp_blnUSDPPP","fossil_CO2_MtCO2","LULUCF_MtCO2","NonCO2_MtCO2e","vol_rdxn_MtCO2","allocation_MtCO2","responsibility_MtCO2","a1_dom_rdxn_MtCO2","net_import_MtCO2","capacity_blnUSDMER","rci","pop_mln_above_dl","pop_mln_above_lux","lux_emiss_MtCO2","lux_emiss_applied_MtCO2","kyoto_gap_MtCO2","base_emissions_mtco2e","net_emissions_mtco2e","NDCuncon_emissions_target_mtco2e","NDCcon_emissions_target_mtco2e","rb1_NDCuncon_mtco2e","rb1_NDCcon_mtco2e"
"182","MYS","Malaysia",1850,0.503302,0.30411896,0.479899688,0,19.899,0.429,0,0.429,0.001153806,0,0,0.000817936,1.54e-05,0.000622067,4.03e-10,3.99e-09,0,0,0.429,20.328,NA,NA,NA,NA
"183","MYS","Malaysia",1851,0.513771,0.3110055,0.490766648,0,19.899,0.44,0,0.44,0.00231516,0,0,0.000841929,1.52e-05,0.000639867,4.17e-10,4.14e-09,0,0,0.44,20.339,NA,NA,NA,NA
"184","MYS","Malaysia",1852,0.524458,0.318048,0.501879712,0,19.899,0.451,0,0.451,0.003514076,0,0,0.00086662,1.52e-05,0.000658171,4.32e-10,4.3e-09,0,0,0.451,20.35,NA,NA,NA,NA
"185","MYS","Malaysia",1853,0.535366,0.32525,0.513244467,0,19.899,0.458333333,0,0.458333333,0.004751003,0,0,0.000892041,1.51e-05,0.000677002,4.48e-10,4.43e-09,0,0,0.458333333,20.357333333,NA,NA,NA,NA
"186","MYS","Malaysia",1854,0.546502,0.33261499,0.524866421,0,19.899,0.46933337,0,0.46933337,0.006016246,0,0,0.000918194,1.52e-05,0.000696362,4.63e-10,4.59e-09,0,0,0.46933337,20.36833337,NA,NA,NA,NA
"187","MYS","Malaysia",1855,0.55787,0.34014684,0.53675168,0,19.899,0.480333333,0,0.480333333,0.007320304,0,0,0.000945109,1.49e-05,0.000716272,4.8e-10,4.76e-09,0,0,0.480333333,20.379333333,NA,NA,NA,NA
"188","MYS","Malaysia",1856,0.569474,0.34784919,0.548905987,0,20.0016663,0.487666667,0,0.487666667,0.008663625,0,0,0.00097281,1.5e-05,0.000736749,4.97e-10,4.9e-09,0,0,0.487666667,20.489332967,NA,NA,NA,NA
"189","MYS","Malaysia",1857,0.581319,0.355726,0.561335592,0,20.0016663,0.495000037,0,0.495000037,0.010036343,0,0,0.001001322,1.46e-05,0.00075781,5.15e-10,5.04e-09,0,0,0.495000037,20.496666337,NA,NA,NA,NA
"190","MYS","Malaysia",1858,0.59341,0.36378112,0.574046571,0,20.0016663,0.506,0,0.506,0.011438779,0,0,0.001030666,1.45e-05,0.00077947,5.33e-10,5.21e-09,0,0,0.506,20.5076663,NA,NA,NA,NA
"191","MYS","Malaysia",1859,0.605752,0.37201875,0.58704555,0,20.1006663,0.517,0,0.517,0.012881718,0,0,0.00106087,1.44e-05,0.000801748,5.52e-10,5.4e-09,0,0,0.517,20.6176663,NA,NA,NA,NA
"192","MYS","Malaysia",1860,0.618353,0.3804428,0.6003387,0,20.1006663,0.52433337,0,0.52433337,0.0143656,0,0,0.001091938,1.44e-05,0.000824647,5.71e-10,5.54e-09,0,0,0.52433337,20.62499967,NA,NA,NA,NA
"193","MYS","Malaysia",1861,0.631214,0.3890577,0.613933012,0,20.1006663,0.531666667,0,0.531666667,0.015880315,0,0,0.001123926,1.42e-05,0.000848207,5.91e-10,5.69e-09,0,0,0.531666667,20.632332967,NA,NA,NA,NA
"194","MYS","Malaysia",1862,0.644343,0.39786762,0.627835065,0,20.1006663,0.539,0,0.539,0.017426191,0,0,0.001156841,1.42e-05,0.000872432,6.12e-10,5.85e-09,0,0,0.539,20.6396663,NA,NA,NA,NA
"195","MYS","Malaysia",1863,0.657746,0.40687698,0.642051834,0,20.19966593,0.550000037,0,0.550000037,0.019003551,0,0,0.001190708,1.41e-05,0.000897341,6.34e-10,6.04e-09,0,0,0.550000037,20.749665967,NA,NA,NA,NA
"196","MYS","Malaysia",1864,0.671427,0.41609049,0.656590752,0,20.19966593,0.557333333,0,0.557333333,0.020623541,0,0,0.001225568,1.4e-05,0.000922961,6.57e-10,6.2e-09,0,0,0.557333333,20.756999263,NA,NA,NA,NA
"197","MYS","Malaysia",1865,0.685393,0.42551255,0.671458761,0,20.19966593,0.568333333,0,0.568333333,0.022275765,0,0,0.001261439,1.38e-05,0.000949305,6.8e-10,6.41e-09,0,0,0.568333333,20.767999263,NA,NA,NA,NA
"198","MYS","Malaysia",1866,0.699649,0.43514803,0.686663548,0,20.19966593,0.575666703,0,0.575666703,0.02397151,0,0,0.001298358,1.37e-05,0.000976399,7.04e-10,6.57e-09,0,0,0.575666703,20.775332633,NA,NA,NA,NA
"199","MYS","Malaysia",1867,0.714201,0.44500163,0.702212528,0,20.19966593,0.582999963,0,0.582999963,0.025700255,0,0,0.001336354,1.36e-05,0.001004263,7.29e-10,6.74e-09,0,0,0.582999963,20.782665893,NA,NA,NA,NA
"200","MYS","Malaysia",1868,0.729057,0.45507842,0.718113701,0,20.29866593,0.590333333,0,0.590333333,0.027462337,0,0,0.001375447,1.54e-05,0.001032911,7.55e-10,6.91e-09,0,0,0.590333333,20.888999263,NA,NA,NA,NA
"201","MYS","Malaysia",1869,0.744222,0.46538332,0.734374832,0,20.29866593,0.601333333,0,0.601333333,0.029258107,0,0,0.001415677,1.51e-05,0.001062371,7.81e-10,7.13e-09,0,0,0.601333333,20.899999263,NA,NA,NA,NA
"202","MYS","Malaysia",1870,0.759701,0.47592151,0.751004095,0,20.29866593,0.612333333,0,0.612333333,0.031099155,0,0,0.001457086,1.51e-05,0.001092672,8.09e-10,7.36e-09,0,0,0.612333333,20.910999263,NA,NA,NA,NA
"203","MYS","Malaysia",1871,0.786122,0.48669845,0.768010105,0,23.8993337,0.649,0,0.649,0.032896526,0,0,0.001428597,1.47e-05,0.001076265,7.63e-10,7.17e-09,0,0,0.649,24.5483337,NA,NA,NA,NA
"204","MYS","Malaysia",1872,0.813461,0.50483793,0.796634203,0,24.80133297,0.689333297,0,0.689333297,0.034818003,0,0,0.00149466,1.47e-05,0.001124977,8.04e-10,7.75e-09,0,0,0.689333297,25.490666267,NA,NA,NA,NA
"205","MYS","Malaysia",1873,0.841751,0.52365339,0.826324997,0,25.399,0.729666667,0,0.729666667,0.036876529,0,0,0.001563764,1.46e-05,0.001175881,8.48e-10,8.34e-09,0,0,0.729666667,26.128666667,NA,NA,NA,NA
"206","MYS","Malaysia",1874,0.871025,0.54317015,0.857122442,0,25.9013337,0.773666667,0,0.773666667,0.039074312,0,0,0.001636048,1.47e-05,0.001229078,8.95e-10,9e-09,0,0,0.773666667,26.675000367,NA,NA,NA,NA
"207","MYS","Malaysia",1875,0.901317,0.56341434,0.889067772,0,26.20199963,0.817666667,0,0.817666667,0.041424723,0,0,0.001711661,1.47e-05,0.001284671,9.43e-10,9.67e-09,0,0,0.817666667,27.019666297,NA,NA,NA,NA
"208","MYS","Malaysia",1876,0.932663,0.58441299,0.92220364,0,26.49900073,0.861666667,0,0.861666667,0.043930205,0,0,0.00179075,1.46e-05,0.001342763,9.95e-10,1.04e-08,0,0,0.861666667,27.360667397,NA,NA,NA,NA
"209","MYS","Malaysia",1877,0.965099,0.6061942,0.956574387,0,26.70066703,0.90566663,0,0.90566663,0.046593236,0,0,0.001873478,1.51e-05,0.001403471,1.05e-09,1.11e-08,0,0,0.90566663,27.60633366,NA,NA,NA,NA
"210","MYS","Malaysia",1878,0.998663,0.62878728,0.992226265,0,26.89866667,0.949666667,0,0.949666667,0.049416319,0,0,0.001960014,1.53e-05,0.001466911,1.11e-09,1.18e-08,0,0,0.949666667,27.848333337,NA,NA,NA,NA
"211","MYS","Malaysia",1879,1.033394,0.65222251,1.029207056,0,27.0013326,0.993666667,0,0.993666667,0.052401991,0,0,0.002050533,1.55e-05,0.001533207,1.17e-09,1.26e-08,0,0,0.993666667,27.994999267,NA,NA,NA,NA
"212","MYS","Malaysia",1880,1.069332,0.67653096,1.067565787,0,27.19933407,1.034000037,0,1.034000037,0.055552819,0,0,0.002145218,1.58e-05,0.001602488,1.23e-09,1.33e-08,0,0,1.034000037,28.233334107,NA,NA,NA,NA
"213","MYS","Malaysia",1881,1.106521,0.70174551,1.107354345,0,27.19933407,1.04133337,0,1.04133337,0.058859652,0,0,0.002244251,1.52e-05,0.001674879,1.3e-09,1.36e-08,0,0,1.04133337,28.24066744,NA,NA,NA,NA
"214","MYS","Malaysia",1882,1.145003,0.72789985,1.148625891,0,27.29833407,1.052333333,0,1.052333333,0.062218471,0,0,0.00234784,1.51e-05,0.001750528,1.37e-09,1.4e-08,0,0,1.052333333,28.350667403,NA,NA,NA,NA
"215","MYS","Malaysia",1883,1.184824,0.7550289,1.191435529,0,27.401,1.063333297,0,1.063333297,0.065641815,0,0,0.002456183,1.5e-05,0.001829573,1.44e-09,1.44e-08,0,0,1.063333297,28.464333297,NA,NA,NA,NA
"216","MYS","Malaysia",1884,1.226029,0.78316915,1.23584084,0,27.401,1.070666667,0,1.070666667,0.069130525,0,0,0.002569514,1.5e-05,0.001912177,1.52e-09,1.48e-08,0,0,1.070666667,28.471666667,NA,NA,NA,NA
"217","MYS","Malaysia",1885,1.268667,0.81235808,1.281900969,0,27.5,1.08166663,0,1.08166663,0.072673305,0,0,0.002688051,1.52e-05,0.001998491,1.6e-09,1.52e-08,0,0,1.08166663,28.58166663,NA,NA,NA,NA
"218","MYS","Malaysia",1886,1.312788,0.84263492,1.329677819,0,27.5,1.092666703,0,1.092666703,0.076283031,0,0,0.002812032,1.55e-05,0.002088682,1.69e-09,1.56e-08,0,0,1.092666703,28.592666703,NA,NA,NA,NA
"219","MYS","Malaysia",1887,1.358444,0.87404019,1.379235332,0,27.599,1.107333297,0,1.107333297,0.079960552,0,0,0.002941703,1.56e-05,0.002182922,1.78e-09,1.61e-08,0,0,1.107333297,28.706333297,NA,NA,NA,NA
"220","MYS","Malaysia",1888,1.405687,0.90661603,1.430640005,0,27.599,1.11466663,0,1.11466663,0.083719187,0,0,0.003077337,1.55e-05,0.002281398,1.88e-09,1.64e-08,0,0,1.11466663,28.71366663,NA,NA,NA,NA
"221","MYS","Malaysia",1889,1.454573,0.94040585,1.483960337,0,27.70166593,1.125666703,0,1.125666703,0.087534912,0,0,0.003219197,1.55e-05,0.002384295,1.98e-09,1.69e-08,0,0,1.125666703,28.827332633,NA,NA,NA,NA
"222","MYS","Malaysia",1890,1.50516,0.97545516,1.539268145,0.009533333,27.70166593,1.14766663,0,1.157199963,0.091421051,0,0,0.003367563,1.52e-05,0.002491807,2.09e-09,1.77e-08,0,0,1.157199963,28.858865893,NA,NA,NA,NA
"223","MYS","Malaysia",1891,1.557576,1.0118107,1.596637183,0.0231,30.4993326,1.202666703,0,1.225766703,0.095449346,0,0,0.003522185,1.53e-05,0.002603781,2.2e-09,1.9e-08,0,0,1.225766703,31.725099303,NA,NA,NA,NA
"224","MYS","Malaysia",1892,1.611817,1.0495212,1.656144349,0.062333337,31.10066813,1.254000037,0,1.316333374,0.099751858,0,0,0.00368388,1.54e-05,0.002720765,2.32e-09,2.08e-08,0,0,1.316333374,32.417001504,NA,NA,NA,NA
"225","MYS","Malaysia",1893,1.667947,1.0886372,1.717869393,0.013933334,31.59933333,1.30533337,0,1.319266704,0.1044107,0,0,0.003852967,1.53e-05,0.002842981,2.45e-09,2.12e-08,0,0,1.319266704,32.918600034,NA,NA,NA,NA
"226","MYS","Malaysia",1894,1.726031,1.1292111,1.781895003,0.062333337,31.99900073,1.356666667,0,1.419000004,0.109118737,0,0,0.00402979,1.59e-05,0.002970665,2.58e-09,2.31e-08,0,0,1.419000004,33.418000734,NA,NA,NA,NA
"227","MYS","Malaysia",1895,1.786138,1.1712971,1.848306707,0.13933333,32.29966667,1.41166663,0,1.55099996,0.114224739,0,0,0.004214691,1.6e-05,0.003104055,2.72e-09,2.57e-08,0,0,1.55099996,33.85066663,NA,NA,NA,NA
"228","MYS","Malaysia",1896,1.848338,1.2149519,1.917193977,0.15766667,32.50133443,1.466666703,0,1.624333374,0.119852024,0,0,0.004408047,1.56e-05,0.003243411,2.87e-09,2.74e-08,0,0,1.624333373,34.125667803,NA,NA,NA,NA
"229","MYS","Malaysia",1897,1.912705,1.2602335,1.988648337,0.117333341,32.6003326,1.518,0,1.635333341,0.125794211,0,0,0.004610225,1.58e-05,0.003388987,3.02e-09,2.8e-08,0,0,1.635333341,34.235665941,NA,NA,NA,NA
"230","MYS","Malaysia",1898,1.979312,1.3072028,2.062765888,0.161333333,32.79833223,1.572999963,0,1.734333297,0.131826182,0,0,0.004821653,1.56e-05,0.003541075,3.18e-09,3.02e-08,0,0,1.734333296,34.532665526,NA,NA,NA,NA
"231","MYS","Malaysia",1899,2.04824,1.3559227,2.139645885,0.153999996,32.90099853,1.628000037,0,1.782000033,0.138276231,0,0,0.005042726,1.54e-05,0.00369995,3.36e-09,3.16e-08,0,0,1.782000033,34.682998563,NA,NA,NA,NA
"232","MYS","Malaysia",1900,2.119568,1.4064585,2.219391372,0.073333333,33,1.682999963,0,1.756333297,0.144958325,0,0,0.005273899,1.49e-05,0.003865924,3.54e-09,3.16e-08,0,0,1.756333296,34.756333296,NA,NA,NA,NA
"233","MYS","Malaysia",1901,2.172747,1.4588777,2.302108865,0.062333337,33.09900147,1.719666703,0,1.78200004,0.151820205,0,0,0.00569974,1.53e-05,0.004158395,3.97e-09,3.48e-08,0,0,1.78200004,34.88100151,NA,NA,NA,NA
"234","MYS","Malaysia",1902,2.226876,1.5132505,2.387909138,0.065999996,33.09900147,1.75266663,0,1.818666626,0.159077077,0,0,0.006162438,1.53e-05,0.004474401,4.47e-09,3.86e-08,0,0,1.818666626,34.917668096,NA,NA,NA,NA
"235","MYS","Malaysia",1903,2.282904,1.5696499,2.476907385,0.065999996,33.20166777,1.78933337,0,1.855333366,0.166788851,0,0,0.006655858,1.58e-05,0.004809861,5.01e-09,4.28e-08,0,0,1.855333366,35.057001136,NA,NA,NA,NA
"236","MYS","Malaysia",1904,2.34273,1.6281514,2.569222746,0.044,33.30066593,1.826,0,1.87,0.174950636,0,0,0.00716239,1.59e-05,0.005153526,5.59e-09,4.64e-08,0,0,1.87,35.17066593,NA,NA,NA,NA
"237","MYS","Malaysia",1905,2.404456,1.6888332,2.664978621,0.051333333,33.30066593,1.866333333,0,1.917666667,0.18347954,0,0,0.007702618,1.65e-05,0.0055185,6.22e-09,5.12e-08,0,0,1.917666666,35.218332596,NA,NA,NA,NA
"238","MYS","Malaysia",1906,2.469981,1.7517766,2.7643033,0.047666667,34.70133223,1.906666593,0,1.95433326,0.192519153,0,0,0.00825763,1.63e-05,0.005892828,6.88e-09,5.58e-08,0,0,1.95433326,36.65566549,NA,NA,NA,NA
"239","MYS","Malaysia",1907,2.537404,1.817066,2.867329966,0.113666663,34.9983337,1.947000073,0,2.060666736,0.202037882,0,0,0.008850159,1.58e-05,0.006290828,7.61e-09,6.29e-08,0,0,2.060666736,37.059000436,NA,NA,NA,NA
"240","MYS","Malaysia",1908,2.606727,1.8847886,2.974196222,0.117333341,35.29899963,1.987333333,0,2.104666674,0.212406057,0,0,0.00948325,1.59e-05,0.006714308,8.42e-09,6.86e-08,0,0,2.104666674,37.403666304,NA,NA,NA,NA
"241","MYS","Malaysia",1909,2.678899,1.9550353,3.085045508,0.216333333,35.5006674,2.027666557,0,2.24399989,0.223330955,0,0,0.010148192,1.74e-05,0.007157783,9.29e-09,7.8e-08,0,0,2.24399989,37.74466729,NA,NA,NA,NA
"242","MYS","Malaysia",1910,2.747272,2.0279002,3.200026313,0.300666674,35.5996652,2.071666667,0,2.372333341,0.235431385,0,0,0.010935145,1.69e-05,0.007676761,1.04e-08,8.91e-08,0,0,2.372333341,37.971998541,NA,NA,NA,NA
"243","MYS","Malaysia",1911,2.817545,2.1034808,3.319292492,0,35.69866703,2.134000073,0,2.134000073,0.248715749,0,0,0.01177887,1.74e-05,0.008230444,1.16e-08,8.66e-08,0,0,2.134000073,37.832667103,NA,NA,NA,NA
"244","MYS","Malaysia",1912,2.872623,2.1818783,3.443003739,0.0242,35.80133297,2.19633326,0,2.22053326,0.261366789,0,0,0.012934877,1.76e-05,0.008973794,1.35e-08,1.01e-07,0,0,2.22053326,38.02186623,NA,NA,NA,NA
"245","MYS","Malaysia",1913,2.928651,2.2828913,3.602402243,0.080666667,32.39866813,2.26233326,0,2.342999927,0.275699755,0,0,0.01473547,1.83e-05,0.010112785,1.67e-08,1.27e-07,0,0,2.342999927,34.741668057,NA,NA,NA,NA
"246","MYS","Malaysia",1914,2.985629,2.5491979,4.022634031,0.19066667,31.59933333,2.33566674,0,2.52633341,0.295939277,0,0,0.022020721,2.3e-05,0.014537988,3.35e-08,2.52e-07,0,0,2.52633341,34.12566674,NA,NA,NA,NA
"247","MYS","Malaysia",1915,3.045456,2.6566389,4.192175919,0.267666663,31.0016663,2.405333407,0,2.67300007,0.319274088,0,0,0.024538396,2.75e-05,0.016050316,4e-08,3.07e-07,0,0,2.67300007,33.67466637,NA,NA,NA,NA
"248","MYS","Malaysia",1916,3.106232,2.7613249,4.357370416,0.71133337,31.69833517,2.482333297,0,3.193666667,0.345450534,0,0,0.027041403,2.87e-05,0.017542391,4.69e-08,4.15e-07,0,0,3.193666667,34.892001837,NA,NA,NA,NA
"249","MYS","Malaysia",1917,3.168907,2.991818,4.721088505,0.836,31.69833517,2.544666703,0,3.380666703,0.383012296,0,0,0.035187753,3.18e-05,0.022228123,7.4e-08,6.49e-07,0,0,3.380666703,35.079001873,NA,NA,NA,NA
"250","MYS","Malaysia",1918,3.232532,3.1672132,4.997862113,0.861666667,31.59933333,2.617999963,0,3.47966663,0.427416481,0,0,0.041600528,3.81e-05,0.025845249,9.84e-08,8.47e-07,0,0,3.47966663,35.07899996,NA,NA,NA,NA
"251","MYS","Malaysia",1919,3.298057,3.0303864,4.781949436,0.990000037,31.59933333,2.683999963,0,3.674,0.465121058,0,0,0.032836317,3.12e-05,0.020994231,6.33e-08,5.92e-07,0,0,3.674,35.27333333,NA,NA,NA,NA
"252","MYS","Malaysia",1920,3.36643,3.6915619,5.825284309,1.433666667,31.50033187,2.761000073,0,4.19466674,0.531850512,0,0,0.067048424,5.76e-05,0.039552585,2.27e-07,2.08e-06,0,0,4.19466674,35.69499861,NA,NA,NA,NA
"253","MYS","Malaysia",1921,3.435753,3.6144247,5.703561815,1.826,31.50033187,2.830666703,0,4.656666703,0.599591352,0,0,0.05837035,5.23e-05,0.035104787,1.73e-07,1.78e-06,0,0,4.656666703,36.156998573,NA,NA,NA,NA
"254","MYS","Malaysia",1922,3.511723,3.5712647,5.635455339,2.60333326,31.4013337,2.922333297,0,5.525666557,0.667799338,0,0,0.052309686,5.03e-05,0.031953588,1.39e-07,1.7e-06,0,0,5.525666557,36.927000257,NA,NA,NA,NA
"255","MYS","Malaysia",1923,3.588643,3.9110355,6.171613628,3.358666703,31.50033187,3.003000037,0,6.36166674,0.766436549,0,0,0.069814859,5.85e-05,0.041303635,2.32e-07,3.03e-06,0,0,6.36166674,37.86199861,NA,NA,NA,NA
"256","MYS","Malaysia",1924,3.668411,3.851346,6.077423603,3.666666667,31.50033187,3.057999963,0,6.72466663,0.868577456,0,0,0.061835992,5e-05,0.037224015,1.82e-07,2.54e-06,0,0,6.72466663,38.2249985,NA,NA,NA,NA
"257","MYS","Malaysia",1925,3.750079,3.7604344,5.933965107,3.842666667,31.50033187,3.142333297,0,6.984999963,0.963125291,0,0,0.052871161,4.31e-05,0.032504229,1.35e-07,1.97e-06,0,0,6.984999964,38.485331834,NA,NA,NA,NA
"258","MYS","Malaysia",1926,3.834595,4.3554921,6.872966098,4.414666667,30.79999853,3.208333333,0,7.623,1.103027906,0,0,0.087236183,5.98e-05,0.05061532,3.3e-07,4.69e-06,0,0,7.623,38.42299853,NA,NA,NA,NA
"259","MYS","Malaysia",1927,3.920062,4.8816776,7.703286765,4.385333333,30.70100037,3.27433337,0,7.659666703,1.298724753,0,0,0.125321909,7.71e-05,0.069561865,6.32e-07,8.25e-06,0,0,7.659666703,38.360667073,NA,NA,NA,NA
"260","MYS","Malaysia",1928,4.008377,4.7430148,7.48447688,4.935333333,30.59833443,3.336666777,0,8.27200011,1.470275842,0,0,0.106227776,6.72e-05,0.060442307,4.57e-07,6.54e-06,0,0,8.27200011,38.87033454,NA,NA,NA,NA
"261","MYS","Malaysia",1929,4.098592,5.3858237,8.49882926,5.3276663,30.4993326,3.398999963,0,8.726666263,1.714528376,0,0,0.159030593,8.9e-05,0.085961771,9.49e-07,1.3e-05,0,0,8.726666263,39.225998863,NA,NA,NA,NA
"262","MYS","Malaysia",1930,4.190706,6.667769,10.52173882,4.755667033,30.4993326,3.45766674,0,8.213333773,2.126098892,0,0,0.314467982,0.000149034,0.154040213,3.38e-06,3.69e-05,0,0,8.213333773,38.712666373,NA,NA,NA,NA
"263","MYS","Malaysia",1931,4.285669,6.6292009,10.46087836,3.509000073,30.4993326,3.519999927,0,7.029,2.488658324,0,0,0.292631394,0.000156633,0.145500518,2.89e-06,2.69e-05,0,0,7.029,37.5283326,NA,NA,NA,NA
"264","MYS","Malaysia",1932,4.372085,6.4170742,10.12614245,2.321000073,30.4993326,3.60433326,0,5.925333333,2.762273102,0,0,0.249794613,0.00015621,0.127651727,2.1e-06,1.68e-05,0,0,5.925333333,36.424665933,NA,NA,NA,NA
"265","MYS","Malaysia",1933,4.4604,5.9055815,9.319007016,2.060666593,30.4993326,3.692333333,0,5.752999927,2.940646517,0,0,0.177778815,0.00013424,0.095735552,1.09e-06,8.93e-06,0,0,5.752999926,36.252332526,NA,NA,NA,NA
"266","MYS","Malaysia",1934,4.551565,6.2095385,9.798651132,2.240333333,30.59833443,3.776666667,0,6.017,3.127525667,0,0,0.201709246,0.000145154,0.107001402,1.35e-06,1.11e-05,0,0,6.017,36.61533443,NA,NA,NA,NA
"267","MYS","Malaysia",1935,4.643679,6.7770472,10.6941798,2.328333297,30.59833443,3.861,0,6.189333297,3.358528665,0,0,0.26018252,0.000165721,0.133351644,2.15e-06,1.7e-05,0,0,6.189333297,36.787667727,NA,NA,NA,NA
"268","MYS","Malaysia",1936,4.741491,6.1268911,9.668233543,2.64000011,33.3996674,3.945333333,0,6.585333443,3.533537379,0,0,0.173243107,0.000115349,0.094428301,9.81e-07,8.85e-06,0,0,6.585333443,39.985000843,NA,NA,NA,NA
"269","MYS","Malaysia",1937,4.842151,6.7770472,10.6941798,3.00666663,34.10000073,4.029666667,0,7.036333297,3.7616026,0,0,0.234704708,0.000129931,0.122902102,1.7e-06,1.51e-05,0,0,7.036333297,41.136334027,NA,NA,NA,NA
"270","MYS","Malaysia",1938,4.94471,6.1268911,9.668233543,2.45666674,34.70133223,4.084666667,0,6.541333407,3.939862844,0,0,0.155220206,9.41e-05,0.086368647,7.71e-07,6.83e-06,0,0,6.541333407,41.242665637,NA,NA,NA,NA
"271","MYS","Malaysia",1939,5.04917,6.5098219,10.27249831,2.185333407,35.101,4.165333333,0,6.35066674,4.123750235,0,0,0.183001552,0.000104292,0.099858303,1.03e-06,8.42e-06,0,0,6.35066674,41.45166674,NA,NA,NA,NA
"272","MYS","Malaysia",1940,5.160276,7.8578849,12.39974159,3.285333443,35.40166557,4.242332967,0,7.52766641,4.393847165,0,0,0.334199648,0.000144953,0.16754347,3.14e-06,2.64e-05,0,0,7.52766641,42.92933198,NA,NA,NA,NA
"273","MYS","Malaysia",1941,5.274231,6.3775868,10.06383133,2.794000073,35.80133297,4.293666667,0,7.08766674,4.572562866,0,0,0.151411451,8.76e-05,0.085255288,6.97e-07,6.39e-06,0,0,7.08766674,42.88899971,NA,NA,NA,NA
"274","MYS","Malaysia",1942,5.310317,6.316061,9.966743626,0.839666667,36.20100037,4.392666667,0,5.232333333,4.733529892,0,0,0.143443194,7.9e-05,0.081415157,6.27e-07,4.27e-06,0,0,5.232333334,41.433333704,NA,NA,NA,NA
"275","MYS","Malaysia",1943,5.346403,8.5897694,13.55465525,1.679333333,36.69966667,4.521,0,6.200333333,4.985939389,0,0,0.414373328,0.000136268,0.201928219,4.59e-06,2.94e-05,0,0,6.200333333,42.900000003,NA,NA,NA,NA
"276","MYS","Malaysia",1944,5.382489,7.9079518,12.47874715,1.41166663,37.09933333,4.671333333,0,6.082999963,5.22788124,0,0,0.308574458,0.000101505,0.157608584,2.6e-06,1.73e-05,0,0,6.082999963,43.182333293,NA,NA,NA,NA
"277","MYS","Malaysia",1945,5.419524,7.2802539,11.48823993,0.781,37.499,4.880333333,0,5.661333333,5.417898272,0,0,0.227416117,8.31e-05,0.121580132,1.45e-06,9.57e-06,0,0,5.661333333,43.160333333,NA,NA,NA,NA
"278","MYS","Malaysia",1946,5.456559,6.7023802,10.57635529,0.769999963,49.70166667,5.067333333,0,5.837333297,5.558045555,0,0,0.165918579,7.54e-05,0.092715008,8.02e-07,5.79e-06,0,0,5.837333296,55.538999966,NA,NA,NA,NA
"279","MYS","Malaysia",1947,5.494544,6.1703749,9.736850975,0.879999963,52.8,5.269,0,6.148999963,5.671343066,0,0,0.119761555,7.22e-05,0.069861753,4.37e-07,3.53e-06,0,0,6.148999963,58.948999963,NA,NA,NA,NA
"280","MYS","Malaysia",1948,5.623694,5.6805983,8.963983549,1.474000037,55.099,5.4486663,0,6.922666337,5.759660522,0,0,0.081589851,6.08e-05,0.049993214,2.13e-07,2.05e-06,0,0,6.922666337,62.021666337,NA,NA,NA,NA
"281","MYS","Malaysia",1949,5.755692,6.4437046,10.16816521,1.562,56.70133333,5.621,0,7.183,5.892876503,0,0,0.123999104,6.93e-05,0.072439269,4.48e-07,4.04e-06,0,0,7.183,63.88433333,NA,NA,NA,NA
"282","MYS","Malaysia",1950,6.109902,8.5190601,13.44307599,4.546666667,58.09833333,5.753,0,10.29966667,6.139304335,0,0,0.292264167,0.00010813,0.153337926,2.1e-06,2.17e-05,0,0,10.299666667,68.397999997,NA,NA,NA,NA
"283","MYS","Malaysia",1951,6.271228,9.2123756,14.53712778,6.537666667,59.202,5.906999633,0,12.4446663,6.541066522,0,0,0.359349899,0.000116391,0.183556348,3.03e-06,3.55e-05,0,0,12.4446663,71.6466663,NA,NA,NA,NA
"284","MYS","Malaysia",1952,6.449609,8.7036381,13.73434005,8.019,60.5,6.072,0,14.091,6.934334427,0,0,0.275046469,9.35e-05,0.146707407,1.78e-06,2.45e-05,0,0,14.091,74.591,NA,NA,NA,NA
"285","MYS","Malaysia",1953,6.639418,9.1187096,14.38932284,8.216999633,53.40133333,6.240666667,0,14.4576663,7.399834446,0,0,0.301239053,9.62e-05,0.159260418,2.06e-06,2.79e-05,0,0,14.4576663,67.85899963,NA,NA,NA,NA
"286","MYS","Malaysia",1954,6.836639,9.161869,14.45742837,8.891666667,53.00166667,6.442333333,0,15.334,7.848702485,0,0,0.284449101,9.03e-05,0.152254308,1.8e-06,2.56e-05,0,0,15.334,68.33566667,NA,NA,NA,NA
"287","MYS","Malaysia",1955,7.03891,9.7403965,15.3703447,9.430666667,53.10066667,6.640333333,0,16.071,8.364915623,0,0,0.327906654,9.67e-05,0.172699997,2.3e-06,3.24e-05,0,0,16.071,69.17166667,NA,NA,NA,NA
"288","MYS","Malaysia",1956,7.24568,9.804678,15.4717809,9.599333333,53.10066667,6.867666667,0,16.467,8.876308464,0,0,0.311993164,9.01e-05,0.166185952,2.04e-06,2.91e-05,0,0,16.467,69.56766667,NA,NA,NA,NA
"289","MYS","Malaysia",1957,7.458015,10.395144,16.40353619,4.667666667,53.19966667,7.197667033,0,11.8653337,9.440756351,0,0,0.356319734,9.38e-05,0.186977873,2.55e-06,2.49e-05,0,0,11.8653337,65.06500037,NA,NA,NA,NA
"290","MYS","Malaysia",1958,7.678381,10.337291,16.31224416,5.096666667,52.49933333,7.450667033,0,12.5473337,9.813466799,0,0,0.324712011,8.72e-05,0.173405139,2.09e-06,2.15e-05,0,0,12.5473337,65.04666703,NA,NA,NA,NA
"291","MYS","Malaysia",1959,7.910188,10.336371,16.3107924,4.227666667,52.8,7.678000367,0,11.90566703,11.24863961,0,0,1.182281347,0.000197509,0.337723912,0.000472644,0.009274365,0,0,11.905667034,64.705667034,NA,NA,NA,NA
"292","MYS","Malaysia",1960,8.156342,11.043462,17.42658193,5.573333333,53.19966667,7.975,0,13.54833333,12.67717841,0,0,1.325084423,0.000204443,0.372690801,0.000555297,0.011708465,0,0,13.548333333,66.748000003,NA,NA,NA,NA
"293","MYS","Malaysia",1961,8.417821,11.882545,18.75065482,6.218666667,53.9,8.2463337,0,14.46500037,13.6833988,0,0,0.882504057,0.000148788,0.32928124,8.49e-05,0.00128672,0,0,14.465000367,68.365000367,NA,NA,NA,NA
"294","MYS","Malaysia",1962,8.692337,12.645526,19.95463876,6.346999633,52.19866667,8.568999633,0,14.91599927,14.8162557,0,0,0.990360937,0.000154185,0.36426614,0.000101132,0.001496862,0,0,14.915999266,67.114665936,NA,NA,NA,NA
"295","MYS","Malaysia",1963,8.973791,13.573556,21.41907001,7.7623337,52.8,8.832999633,0,16.59533333,16.0659636,0,0,1.137233916,0.000162892,0.410529968,0.000125413,0.001943513,0,0,16.595333333,69.395333333,NA,NA,NA,NA
"296","MYS","Malaysia",1964,9.253827,14.300958,22.56691029,9.8706663,52.09966667,9.144666667,0,19.01533297,17.50827892,0,0,1.242909099,0.000165825,0.444028385,0.000142979,0.002423213,0,0,19.015332967,71.114999637,NA,NA,NA,NA
"297","MYS","Malaysia",1965,9.526558,15.399967,24.30114639,11.1283337,53.00166667,9.515,0,20.6433337,19.29063286,0,0,1.443476794,0.000175119,0.504435478,0.000181345,0.003135224,0,0,20.6433337,73.64500037,NA,NA,NA,NA
"298","MYS","Malaysia",1966,9.790083,16.603739,26.20069848,13.08633333,53.999,9.793666667,0,22.88,21.38410918,0,0,1.683814008,0.000186884,0.574555315,0.00023224,0.004180319,0,0,22.879999997,76.878999997,NA,NA,NA,NA
"299","MYS","Malaysia",1967,10.046321,17.244167,27.2112938,13.5116663,55,10.1163337,0,23.628,23.74990605,0,0,1.783050537,0.00018976,0.604761818,0.000251718,0.004519733,0,0,23.628,78.628,NA,NA,NA,NA
"300","MYS","Malaysia",1968,10.297983,18.619905,29.38220823,14.10933333,45.001,10.4903337,0,24.59966703,26.40383932,0,0,2.091416343,0.000203301,0.690896561,0.000326421,0.005730738,0,0,24.59966703,69.60066703,NA,NA,NA,NA
"301","MYS","Malaysia",1969,10.549395,19.530148,30.81857159,13.44933333,43.69933333,10.79833297,0,24.2476663,29.61836771,0,0,2.552075808,0.000222987,0.773138434,0.000619965,0.011206312,0,0,24.2476663,67.94699963,NA,NA,NA,NA
"302","MYS","Malaysia",1970,10.804131,20.699326,32.66353436,19.06666593,44.79933333,11.27133297,0,30.3379989,32.9458057,0,0,2.84050939,0.00023597,0.84567601,0.000731939,0.015764287,0,0,30.3379989,75.13733223,NA,NA,NA,NA
"303","MYS","Malaysia",1971,11.062434,22.776434,35.94121057,21.22266703,40.20133333,11.72233333,0,32.94500037,38.04252107,0,0,3.826389522,0.000282427,1.016987324,0.00158609,0.037541815,0,0,32.94500036,73.14633369,NA,NA,NA,NA
"304","MYS","Malaysia",1972,11.324277,24.914789,39.31553455,22.58299963,41.899,12.19166667,0,34.7746663,44.05252552,0,0,4.545090031,0.000310829,1.167357603,0.002082317,0.048441914,0,0,34.7746663,76.6736663,NA,NA,NA,NA
"305","MYS","Malaysia",1973,11.592638,27.830088,43.91587608,22.19066667,49.89966667,12.4996663,0,34.69033297,51.09218721,0,0,5.633825577,0.00034985,1.381870518,0.002938935,0.062580112,0,0,34.69033297,84.58999964,NA,NA,NA,NA
"306","MYS","Malaysia",1974,11.871102,30.145178,47.56908787,23.1366663,47.50166667,12.58766703,0,35.72433333,58.58268794,0,0,6.509089381,0.000388665,1.548924864,0.003687499,0.075861836,0,0,35.72433333,83.226,NA,NA,NA,NA
"307","MYS","Malaysia",1975,12.162189,30.386662,47.9501496,23.30533297,48.09933333,13.14866667,0,36.45399963,66.15539822,0,0,6.441250715,0.000394036,1.546348664,0.003563359,0.073864406,0,0,36.45399964,84.55333297,NA,NA,NA,NA
"308","MYS","Malaysia",1976,12.468688,33.900417,53.49485464,28.60366703,53.10066667,13.83799963,0,42.44166667,74.64663727,0,0,7.896432417,0.000443116,1.809880537,0.004939399,0.109504293,0,0,42.44166666,95.54233333,NA,NA,NA,NA
"309","MYS","Malaysia",1977,12.790313,36.52874,57.64234807,27.30566667,60.401,14.17533297,0,41.48099963,84.10826291,0,0,8.143442289,0.000448972,1.997833339,0.003677503,0.066875673,0,0,41.48099964,101.88199964,NA,NA,NA,NA
"310","MYS","Malaysia",1978,13.122833,38.959324,61.47780938,28.3653337,64.702,14.60433333,0,42.96966703,93.77827232,0,0,9.082158887,0.000477626,2.178241733,0.004372324,0.078131286,0,0,42.96966703,107.67166703,NA,NA,NA,NA
"311","MYS","Malaysia",1979,13.460035,42.601669,67.22542942,32.9633326,65.29966667,15.9793326,0,48.9426652,104.5387822,0,0,10.66835538,0.000522379,2.46326734,0.005701875,0.108219355,0,0,48.9426652,114.24233187,NA,NA,NA,NA
"312","MYS","Malaysia",1980,13.798094,45.772011,72.22822878,34.01933297,68.59966667,16.2176663,0,50.23699927,117.8267209,0,0,12.42710582,0.000585591,2.697138521,0.008219809,0.157639266,0,0,50.23699927,118.83666594,NA,NA,NA,NA
"313","MYS","Malaysia",1981,14.13406,48.949551,77.24238658,38.12966667,73.79900367,16.379,0,54.50866667,132.0774099,0,0,13.88547961,0.000637942,2.936149436,0.009802857,0.193313662,0,0,54.50866667,128.30767034,NA,NA,NA,NA
"314","MYS","Malaysia",1982,14.471215,51.858696,81.8330171,37.532,74.899,16.9033337,0,54.4353337,148.0741819,0,0,15.21907954,0.000696862,3.151540805,0.011309183,0.212490504,0,0,54.4353337,129.3343337,NA,NA,NA,NA
"315","MYS","Malaysia",1983,14.81943,55.101025,86.94941194,46.52633333,85.09966667,18.12799927,0,64.6543326,164.6329637,0,0,16.76127964,0.000746697,3.392595776,0.013157268,0.279590329,0,0,64.6543326,149.75399927,NA,NA,NA,NA
"316","MYS","Malaysia",1984,15.1923,59.37785,93.69824136,42.141,76.901,19.45533407,0,61.59633407,185.2521952,0,0,18.93648244,0.000802274,3.714780949,0.015997661,0.305380649,0,0,61.59633407,138.49733407,NA,NA,NA,NA
"317","MYS","Malaysia",1985,15.598924,58.769077,92.73759763,45.969,75.40132967,20.12999927,0,66.09899927,203.3720726,0,0,17.28817937,0.00074883,3.677835452,0.010989361,0.208768491,0,0,66.09899927,141.50032894,NA,NA,NA,NA
"318","MYS","Malaysia",1986,16.043736,59.498165,93.88809842,50.59266667,76.79833333,21.38033297,0,71.97299963,222.5070489,0,0,17.22410308,0.000744399,3.701265205,0.010670363,0.216916422,0,0,71.97299964,148.77133297,NA,NA,NA,NA
"319","MYS","Malaysia",1987,16.522004,62.587269,98.76270422,52.12166667,80.69967033,22.19066667,0,74.31233333,243.7963393,0,0,18.51303337,0.000774822,3.924690793,0.011872833,0.238527097,0,0,74.31233334,155.01200367,NA,NA,NA,NA
"320","MYS","Malaysia",1988,17.02247,68.807014,108.5774612,54.21533333,78.199,22.97900073,0,77.19433407,266.7295306,0,0,21.23421976,0.000830389,4.442118858,0.013422067,0.250672642,0,0,77.19433406,155.39333406,NA,NA,NA,NA
"321","MYS","Malaysia",1989,17.52896,75.040657,118.4141492,62.997,75.801,24.09000073,0,87.08700073,291.9242606,0,0,24.49181167,0.00089796,4.931181485,0.017037603,0.335466756,0,0,87.08700073,162.88800073,NA,NA,NA,NA
"322","MYS","Malaysia",1990,18.029824,81.800713,129.0815169,66.61967033,75.90000367,24.8746663,0,91.49433663,318.5413611,0,0,25.00140986,0.000909206,5.752494577,0.008384588,0.128097683,0,0,91.49433663,167.3943403,NA,NA,NA,NA
"323","MYS","Malaysia",1991,18.519942,89.608971,141.4029473,76.358337,89.80032967,26.1213337,0,102.4796707,352.5290856,0,0,33.2873611,0.001103261,5.997053915,0.031398103,0.659025167,0,0,102.4796707,192.28000037,NA,NA,NA,NA
"324","MYS","Malaysia",1992,19.00266,97.570839,153.9667742,82.04532967,93.100337,26.95366593,0,108.9989956,392.5422608,0,-2.77404,38.09652238,0.001223023,6.585423275,0.039311245,0.822702866,0,0,108.9989956,202.0993326,NA,NA,NA,NA
"325","MYS","Malaysia",1993,19.4849,107.22542,169.201702,81.82167033,95.7,30.4809989,0,112.3026692,437.6115834,0,-6.7566201,44.33597777,0.001374241,7.27242191,0.051290476,1.03591055,0,0,112.30266923,208.00266923,NA,NA,NA,NA
"326","MYS","Malaysia",1994,19.977508,117.10307,184.7886327,89.01566667,94.90066667,31.4013337,0,120.4170004,486.3366052,0,-8.6716602,50.80778295,0.001508254,7.9621065,0.064390618,1.305991833,0,0,120.41700037,215.31766704,NA,NA,NA,NA
"327","MYS","Malaysia",1995,20.487604,128.61322,202.9516483,91.35866667,94.699,33.52800037,0,124.886667,541.2492569,0,-18.854859,58.65029799,0.001667565,8.738411782,0.081891085,1.608043389,0,0,124.88666704,219.58566704,NA,NA,NA,NA
"328","MYS","Malaysia",1996,21.01762,141.47803,223.2523172,106.865,93.5,36.08733333,0,142.9523333,600.9318996,0,-18.22615,67.6115627,0.001834503,9.587480764,0.102944905,2.148833882,0,0,142.95233333,236.45233333,NA,NA,NA,NA
"329","MYS","Malaysia",1997,21.56279,151.83809,239.6004908,124.8096703,93.100337,39.798,0,164.6076703,671.3182658,0,-10.56134,74.76150367,0.001960507,10.24194664,0.121028329,2.756951006,0,0,164.6076703,257.7080073,NA,NA,NA,NA
"330","MYS","Malaysia",1998,22.114646,140.6637,221.9673045,113.652,103.0003333,39.897,0,153.549,741.0764076,0,-24.774391,59.61106381,0.001706293,10.48902531,0.0415549,0.704214972,0,0,153.549,256.5493333,NA,NA,NA,NA
"331","MYS","Malaysia",1999,22.661292,149.29709,235.5907931,126.8813333,88.898337,42.84133333,0,169.7226667,808.0607868,0,-19.61433,65.12952143,0.001800972,11.13049113,0.048692518,0.871026414,0,0,169.72266663,258.62100363,NA,NA,NA,NA
"332","MYS","Malaysia",2000,23.194252,162.52312,256.4614671,138.5816593,86.99899633,45.41166667,0,183.993326,882.0172304,0,-25.495,70.81924994,0.00187883,12.936681,0.0311064,0.463658678,0,0,183.99332597,270.9923223,NA,NA,NA,NA
"333","MYS","Malaysia",2001,23.709116,163.36446,257.7891015,144.701337,82.80067033,46.42,0,191.121337,961.0227784,0,-27.39492,70.14764595,0.001889404,13.01333971,0.029528729,0.45176988,0,0,191.121337,273.92200733,NA,NA,NA,NA
"334","MYS","Malaysia",2002,24.20839,172.17142,271.6864835,153.9743333,110,47.82433333,0,201.7986667,1045.378781,0,-23.989609,75.99200027,0.002003651,13.6921525,0.034652739,0.537990656,0,0,201.79866663,311.79866663,NA,NA,NA,NA
"335","MYS","Malaysia",2003,24.69882,182.13756,287.4130515,168.2743407,115.0013333,49.99133333,0,218.265674,1137.205703,0,-34.421172,82.88028808,0.002120498,14.43825348,0.041369865,0.666462568,0,0,218.26567403,333.26700733,NA,NA,NA,NA
"336","MYS","Malaysia",2004,25.190646,194.49275,306.9095401,180.9499927,121,53.801,0,234.7509927,1240.290931,0,-33.446059,91.85745575,0.002241582,15.32464497,0.051333624,0.848917499,0,0,234.7509927,355.7509927,NA,NA,NA,NA
"337","MYS","Malaysia",2005,25.690616,204.86337,323.2743774,194.106,108.9989963,58.047,0,252.153,1353.993583,0,-31.774721,99.22645328,0.002346713,16.05239354,0.059968637,1.025089929,0,0,252.153,361.1519963,NA,NA,NA,NA
"338","MYS","Malaysia",2006,26.201954,216.30469,341.3287792,192.9913297,-19.5983326,58.619,0,251.6103297,1479.366328,0,-33.581219,107.5486418,0.002453199,16.82866732,0.070617908,1.157679022,0,0,251.6103297,232.0119971,NA,NA,NA,NA
"339","MYS","Malaysia",2007,26.720368,229.92924,362.8283177,209.487663,-18.30033407,60.89233333,0,270.3799963,1608.310736,0,-34.235988,117.8333574,0.002576852,17.70928617,0.085325684,1.439460231,0,0,270.37999633,252.07966226,NA,NA,NA,NA
"340","MYS","Malaysia",2008,27.236004,241.03891,380.3593759,218.5773333,-20.0016663,64.17766667,0,282.755,1749.642186,0,-33.869379,125.9944484,0.002716892,18.42151904,0.09739091,1.659089946,0,0,282.75499997,262.75333367,NA,NA,NA,NA
"341","MYS","Malaysia",2009,27.735038,237.39072,374.6025324,207.0566703,-10.39866667,62.62666667,0,269.683337,1893.994952,0,-33.290121,121.1932842,0.002777378,18.30938869,0.086669244,1.409273789,0,0,269.68333697,259.2846703,NA,NA,NA,NA
"342","MYS","Malaysia",2010,28.208028,255.01662,402.4162009,219.3179963,-15.70066703,64.58466667,0,283.902663,2037.042558,0,-33.874262,135.2679682,0.002903476,19.36580662,0.109814808,1.791992975,0,0,283.90266297,268.20199594,NA,NA,NA,NA
"343","MYS","Malaysia",2011,28.650962,268.51697,423.7197518,217.6203407,-140.000663,65.89367033,0,283.514011,2191.300673,0,-34.809699,145.8983197,0.00302725,20.15310195,0.128552059,2.02143255,0,0,283.51401103,143.51334803,NA,NA,NA,NA
"344","MYS","Malaysia",2012,29.06819,283.21411,446.9118373,236.8886777,-140.9979963,66.59766667,0,303.4863434,2349.247965,0,-35.88982,157.7802159,0.003170435,20.96133531,0.151640803,2.462382236,0,0,303.48634437,162.48834807,NA,NA,NA,NA
"345","MYS","Malaysia",2013,29.468924,296.50742,467.8886791,243.503348,-140.000663,68.00933333,0,311.512675,2521.735855,0,-37.160621,168.5213859,0.003296909,21.67091926,0.173857109,2.808458252,0,0,311.51268133,171.51201833,NA,NA,NA,NA
"346","MYS","Malaysia",2014,29.866606,314.31778,495.9934254,250.121652,-127.9996667,69.16066667,0,319.2823238,2703.601904,0,-38.18252,183.5037135,0.003456079,22.53942607,0.208636139,3.326367211,0,0,319.28231867,191.28265197,NA,NA,NA,NA
"347","MYS","Malaysia",2015,30.270964,330.32138,521.2471046,253.194337,-137.001326,70.862,0,324.0563495,2893.912605,0,-39.08023,196.8906163,0.003590224,23.29801107,0.241733006,3.785290653,0,0,324.056337,187.055011,NA,NA,NA,NA
"348","MYS","Malaysia",2016,30.684652,345.01996,544.4414624,256.992989,-77,71.96933333,0,320.9157578,3090.300505,0,-39.66475,209.0924786,0.003716668,23.98451993,0.273280331,4.217953078,0,0,328.96232233,251.96232233,NA,NA,NA,NA
"349","MYS","Malaysia",2017,31.104654,365.07501,576.0883293,264.253,-77,73.09133333,0,320.1736116,3289.285355,0,-40.245961,226.365937,0.003864517,24.82716868,0.323040609,4.931755463,0,0,337.34433333,260.34433333,NA,NA,NA,NA
"350","MYS","Malaysia",2018,31.528034,382.4888,603.5672882,269.0380037,-77,74.23533333,0,316.7938506,3491.202859,0,-40.81693,241.2165803,0.003988862,25.55040392,0.367876652,5.542399921,0,0,343.27333703,266.27333703,NA,NA,NA,NA
"351","MYS","Malaysia",2019,31.94979,398.94659,629.5376791,272.690011,-77,75.394,0,313.3670908,3693.866317,0,-41.39718,255.219271,0.00411749,26.2204839,0.412044339,6.120499385,0,0,348.084011,271.084011,NA,NA,NA,NA
"352","MYS","Malaysia",2020,32.365998,376.65448,594.3607318,250.1840073,-77,76.57099633,0,292.1962713,3887.305127,0,-41.97352,232.5055713,0.004086363,25.72957757,0.3261078,4.65502668,0,0,326.75500363,249.75500363,NA,NA,NA,NA
"353","MYS","Malaysia",2021,32.776196,388.45508,612.9820774,252.123674,-77,77.385,0,283.8267804,4069.398903,0,-42.673262,242.0812973,0.004069767,26.28076244,0.352327195,4.960814997,0,0,329.508674,252.508674,NA,NA,NA,NA
"354","MYS","Malaysia",2022,33.181078,410.23187,647.3458498,260.1756703,-77,78.21,0,283.7857318,4250.0903,0,-43.373191,261.164113,0.004192769,27.11504507,0.413504859,5.778726031,0,0,338.3856703,261.3856703,NA,NA,NA,NA
"355","MYS","Malaysia",2023,33.579264,432.79874,682.9563684,268.2130073,-77,79.04232967,0,282.8633938,4434.422007,0,-44.08184,281.122416,0.004325941,27.92318438,0.482683814,6.696912276,0,0,347.25533697,270.25533697,NA,NA,NA,NA
"356","MYS","Malaysia",2024,33.969292,453.94528,716.3256064,274.8900037,-77,79.88199633,0,281.5498575,4621.256715,0,-44.793531,299.836373,0.004388762,28.65111666,0.551516618,7.588785473,0,0,354.77200003,277.77200003,NA,NA,NA,NA
"357","MYS","Malaysia",2025,34.349932,474.07776,748.0946579,280.521989,-77,80.729,0,278.186355,4809.920423,0,-45.50448,317.6747059,0.004447249,29.3198256,0.620587151,8.462303634,0,0,361.250989,284.250989,NA,NA,NA,NA
"358","MYS","Malaysia",2026,34.720336,495.14102,781.33248,286.289674,-77,81.58699633,0,275.9946109,4998.979768,0,-46.277102,336.5047743,0.004505234,29.97683879,0.697975001,9.436012508,0,0,367.87667033,290.87667033,NA,NA,NA,NA
"359","MYS","Malaysia",2027,35.080108,514.66443,812.1404191,290.7776703,-77,82.45600367,0,272.9029115,5188.780969,0,-47.055012,353.9341828,0.004560071,30.57271369,0.772487157,10.34356318,0,0,373.23367397,296.23367397,NA,NA,NA,NA
"360","MYS","Malaysia",2028,35.429092,534.95764,844.1631024,295.338989,-77,83.33232967,0,269.668653,5378.651341,0,-47.839449,372.1931933,0.004613158,31.15672318,0.854614416,11.33808051,0,0,378.67131867,301.67131867,NA,NA,NA,NA
"361","MYS","Malaysia",2029,35.767396,556.05103,877.4484697,299.966326,-77,84.21966667,0,266.2760207,5568.426819,0,-48.62875,391.3130008,0.004665081,31.72793859,0.945020271,12.42670667,0,0,384.18599267,307.18599267,NA,NA,NA,NA
"362","MYS","Malaysia",2030,36.095052,577.97614,912.0462911,304.6706777,-77,85.11432967,0,262.7255928,5757.92648,0,-49.424352,411.326121,0.00471612,32.28544853,1.044412001,13.61744807,0,0,389.78500737,312.78500737,403.920849114461,NA,407.327725787297,NA
